metrica,valor
AUC,0.9137118644067797
Accuracy,0.95726080621661
Precision,0.34408602146837786
Recall,0.5423728812640046
F1,0.4210526267737189
