{
    "epoch": [
        1,
        2,
        3,
        4,
        5,
        6,
        7,
        8,
        9,
        10,
        11,
        12,
        13,
        14,
        15,
        16
    ],
    "train_loss": [
        1.0895674169756646,
        0.7486616024213244,
        0.5924171644241311,
        0.5348045290556065,
        0.4193088872603668,
        0.4161315275024074,
        0.2974875957322444,
        0.2950228923397471,
        0.3037820078807977,
        0.23300919408888318,
        0.22479904990989802,
        0.17237483690557784,
        0.13270304240863914,
        0.18738863729806834,
        0.13159362555936324,
        0.18621115948528397
    ],
    "val_loss": [
        0.883304147536938,
        0.7683897321040813,
        0.7321869626641273,
        0.7660607143090321,
        0.7629637499268238,
        0.8846228635081879,
        0.8460246798510734,
        0.9506587076072509,
        1.0581386905450088,
        1.049577354009335,
        0.9736400050612596,
        1.4522829423013788,
        1.4155154958367349,
        1.3509569469839335,
        1.5122106023132802,
        1.4069380610608138
    ],
    "train_auc": [
        0.7864329787234042,
        0.9137585106382978,
        0.9438962765957446,
        0.9530196808510638,
        0.970691489361702,
        0.971240425531915,
        0.984261170212766,
        0.9855808510638298,
        0.9836664893617022,
        0.9905563829787235,
        0.9909037234042554,
        0.9943234042553192,
        0.9962723404255318,
        0.993347340425532,
        0.9967337765957446,
        0.9935228723404256
    ],
    "val_auc": [
        0.9032627118644068,
        0.9156610169491526,
        0.915457627118644,
        0.9066779661016949,
        0.9159406779661017,
        0.9082118644067797,
        0.9085423728813559,
        0.9137966101694915,
        0.9098898305084746,
        0.9165169491525424,
        0.9307881355932204,
        0.9037033898305085,
        0.9012203389830509,
        0.895186440677966,
        0.8876101694915255,
        0.8807966101694915
    ]
}